"First Name","Last Name","Headline","Location","Current Title","Current Company","Email Address","Phone Number","Profile URL","Active Project","Notes","Feedback"
"Saurabh Deep","Singla","Empowering Founder Impact | Accelerating Startup Growth | Strategic Board Advisory | Scaling for Success | Angel Investor","New Delhi","Angel Investor - Hexalog Technologies","Hexalog","","","https://www.linkedin.com/in/saurabhdeepsingla","Investor Outreach (uncontacted)","",""
"Devang","Mehta","Founding Team at Pressplay Capital | Venture Partner @ Anthill Ventures | Angel Investing, Startup Advisory","Mumbai","Founding Team","Pressplay Capital","","","https://www.linkedin.com/in/devangmehta1","Investor Outreach (uncontacted)","",""
"sidhartha","VERMA","Founder@Neo Saturn | ML / AI-Powered Fintech for India | Empowering 46% + underserved Indians | Driving Financial Inclusion | Ex-Micro Housing finance CEO | Investor","Greater Delhi Area","Founder","NeoSaturn BFSI Technologies Private Limited","","","https://www.linkedin.com/in/sidharthaverma","Investor Outreach (uncontacted)","",""
"Amit","Behl","Venture Capital Investor","Delhi","Investments","Capital2B / Info Edge Ventures","","","https://www.linkedin.com/in/amit-behl-a80329","Investor Outreach (uncontacted)","",""
"Sam","M George","Investor @ HSBC Ventures | CFA Level 2, FRM Part 1","Bengaluru","Investor - HSBC Ventures","HSBC","","","https://www.linkedin.com/in/sammgeorge","Investor Outreach (uncontacted)","",""
"Unmesh","Pawar","Enterprise Transformation Leader | Leadership & Succession Architect | Global Delivery, GCC & Digital Transformation | CPO | Ex-dentsu, KPMG, Accenture, Tata & Mastek | Angel Investor","Mumbai","Chief People Officer South Asia | Executive Committee","dentsu international","","","https://www.linkedin.com/in/unmeshpawar","Investor Outreach (uncontacted)","",""
"Sivaram","A.","Founder · AI Advisory · AI Native Product Strategy · Solution Architecture (ML, DL, GenAI & Vision) · Responsible AI · AI Security · Data × Domain × AI · 2 Patents · Ex-Microsoft · Ex-Amazon · IITH Alum","Greater Bengaluru Area","Founder · AI Native Strategy & Advisory · Solution Architect · Responsible AI · AI Audit · Mentor","Phygitalytics Consulting","","","https://www.linkedin.com/in/siva-ak","Investor Outreach (uncontacted)","",""
"Gautham","Krishnan","Product Leader at Walt Disney Company; Disney+, Speaker| Investor| ISB","Bengaluru","Vice President of Products, The Walt Disney Company | Disney+","The Walt Disney Company","","","https://www.linkedin.com/in/gauthamkrishnan","Investor Outreach (uncontacted)","",""
"Anand","Bhushan","Founder | CEO | Mentor | Investor | Business Leader across Pharma, Insurance, Healthcare, Luxury Retail, Education, HR | Industry Agnostic Strategist | Doctoral Researcher | People Motivator | Lifelong Learner","Pune District","Co-Founder & Chief Strategy Officer","Total Consulting & Mentoring Collective","","","https://www.linkedin.com/in/anandbhushan30","Investor Outreach (uncontacted)","",""
"Prateek (invests 4Cr in ideas)","Agarwal","Baniya Buddhi trying to learn VC","Bengaluru","Investor","Antler","","","https://www.linkedin.com/in/honestlyprateek","Investor Outreach (uncontacted)","",""
"Dr. Milin Rakesh","Prasad","Professor (OB & HRM) | Organizational Performance, Tacit Knowledge & Commonsense | AI–Human Expertise Interaction | Former Corporate HR Leader | Angel Investor","Karnataka","Advisor- Behavioural Product Development ","GoPrac","","","https://www.linkedin.com/in/milinrprasad","Investor Outreach (uncontacted)","",""
"Pankaj","Mittal","Tedx Speaker,Founder, ISB-Hybd,, vCISO, Angel Investor(5 exits), Visiting Faculty, Keynote Speaker, Consulting CISO, Digital Transformation","Pune Division","Founder & CEO","Digizen Consulting","","","https://www.linkedin.com/in/pankajmittal1","Investor Outreach (uncontacted)|Investor Event (contacted)","",""
"Shalini","Prakash","Early stage investor | Life Coach | Author 'Clueless at 30' | LinkedIn Top Voice | LSE","Bengaluru","Founder and Managing Partner","Voltron Venture Capital","","","https://www.linkedin.com/in/shaliniprakash","Investor Outreach (uncontacted)","",""
"Devesh","Papney","Principal at Unilever Ventures | Venture Capital, ex Investment Banking | XLRI","Mumbai","Principal, Asia","Unilever Ventures","","","https://www.linkedin.com/in/deveshpapney","Investor Outreach (uncontacted)","",""
"Yogesh","Jiandani","Investor, Advisor, Mentor, and Management Consultant","Mumbai","Angel Investor, Advisor, and Mentor","Cata-Start","","","https://www.linkedin.com/in/yjiandani","Investor Outreach (uncontacted)","",""
"Somshubhro (Som)","Pal Choudhury","Deeptech & AI Investor, CoFounder & Partner, Bharat Innovation Fund, Ex-MD Analog Devices, Board Mem. PlayShifu, A5G Ntwrk, Clodura, US-India Sc.&Tech Endowment, CoFounder TiE Matrix Forum, MeitY Semiconductor committee","Bengaluru","Co-Founder & Partner","Bharat Innovation Fund","","","https://www.linkedin.com/in/somshubhro","Investor Outreach (uncontacted)","",""
"Apar","Sinha","Entrepreneurial Problem-Solver | Angel Investor & Product Mentor | Consumer Tech & Growth Strategist | IIM Ahmedabad Alumnus ","Bengaluru","Senior PM - AI","Amazon","","","https://www.linkedin.com/in/aparsinha","Investor Outreach (uncontacted)","",""
"Raghu Babu","Gunturu","Founder & CEO @ Charantra | Angel Investor in 30+ Companies - SpaceTech, Speciality  Dairy, AI, FinTech,Recycle, InsureTech etc.,","Hyderabad","Founder & CEO","Charantra","","","https://www.linkedin.com/in/raghusimplybiz","Investor Outreach (uncontacted)","",""
"Nikkhil","Srinivaas","Venture capital | Startup Accelerator | Venture builder","Mumbai","Investment Director","IndusBridge Ventures","","","https://www.linkedin.com/in/nikkhilsrinivaas","Investor Outreach (uncontacted)","",""
"Ashwin","Srivastava","Entrepreneur, Global Investor (Seed stage and Growth Cap), VC/PE firm founder, Government Advisor","Mumbai","Founder","Sapio Analytics","","","https://www.linkedin.com/in/ashwinsrivastava","Investor Outreach (uncontacted)","",""
"CA Dhananjay","Ojha","Chartered Accountant (FCA) || Angel Investor || SME IPO advisor || MBA  || Author || Startup Mentor (From Idea to IPO) || Virtual CFO || Investment Catalyst II Ind. Director II Forensic Auditor","Bengaluru","Angel Investor & Startup Mentor","Startup India","","","https://www.linkedin.com/in/cadhanji","Investor Outreach (uncontacted)","",""
"Praveen","Lokesh","Founder @ Automations247 | AI Agents & Automation (Voice, WhatsApp, CRM) | Angel Investor (Pre-Seed)","Bengaluru","Founder","Automations247","","","https://www.linkedin.com/in/praveenlokesh","Investor Outreach (uncontacted)","",""
"Dr.(Hon) Debasish (Deb)","Chakraborty","Founder DARIAAN | Angel Investor | Startup Acceleration | Innovation Evangelist | NAMAKH","Bengaluru","Founder","DARIAAN","","","https://www.linkedin.com/in/debasisc","Investor Outreach (uncontacted)","",""
"Sourabh","Gandhe","SVP Engineering @ DeepIntent | Building AI-native engineering orgs that ship outcomes, not features | Angel Investor","Pune","Senior Vice President of Engineering","DeepIntent","","","https://www.linkedin.com/in/sourabh-gandhe-b31a0315","Investor Outreach (uncontacted)","",""
"Anjeet","Khandelwal","Strategic Planning & Thought Leader | COO | Chief of Staff Support | Business Growth & Revenue Strategy | Partnerships & Alliances | Startup Mentor & Incubator | Corporate Trainer","Delhi","Founding Partner ","AKCJ Ventures","","","https://www.linkedin.com/in/anjeetkhandelwal","Investor Outreach (uncontacted)","",""
"Prasanna","Lohar","Investor | Board Member | Independent Director | Banker | Digital Architect  | Founder |  Speaker | CEO | Regtech | Fintech | Blockchain Web3 | Innovator | Educator | Mentor + Coach |  CBDC | Tokenization","Mumbai Metropolitan Region","Member of the Advisory Board","Modefin","","","https://www.linkedin.com/in/prasannalohar","Investor Outreach (uncontacted)","",""
"Dr. Dinesh","Chandrasekar DC","CEO & Founder @ Dinwins Intelligence 1st Consulting | Frontier AI Strategist | Investor | Board Advisor| Nasscom DeepTech ,Telangana AI Mission & HYSEA - Mentor| Alumni of Hitachi, GE, Citigroup & Centific AI | Billion $","Greater Hyderabad Area","CEO & Founder","Dinwins Intelligence First Consulting","","","https://www.linkedin.com/in/dineshchandrasekar","Investor Outreach (uncontacted)","",""
"Soumya Ranjan","B.","Founder & CEO @ AkronAI | Building the autonomous AI agent platform.
Startup advisor and growth partner. ","Mumbai","Founder","Akron AI","","","https://www.linkedin.com/in/soumya-ranjan-b-8918b1186","Investor Outreach (uncontacted)","",""
"Subeer","Monga","Partner, Sorin Investments I ex-Mayfield India I ex-ICICI Venture","Mumbai","Partner","Sorin Investments","","","https://www.linkedin.com/in/subeer-monga-87317714","Investor Outreach (uncontacted)","",""
"Aloor Chinmaya","Sai Ganesh","Partner-Cheer On Ventures  | Head-Investor and Incubation Alliances, IBSEA | Mentor of Change- AIM, NITI Aayog","Hyderabad","Head - Investor and Incubation Alliances ","International Business Startup & Entrepreneurs Association ( IBSEA )","","","https://www.linkedin.com/in/aloor-chinmaya-sai-ganesh-4468361a5","Investor Outreach (uncontacted)","",""
"Shubham","Mittal","Investor @ July Ventures | Venture Capital | Early & Growth Stage Investments | Hansraj","Bengaluru","Investment Team - Fund II (Growth)","July Ventures","","","https://www.linkedin.com/in/shubhammittal-","Investor Outreach (uncontacted)","",""
"Rahul","Manroa","VC Fellow focused on Fundraising and Venture Capital Strategies | Entrepreneurs & Ecosystem Builder | Angel Investor | MIT-IDSS | ISB Hyderabad","New Delhi","Investor","THE SUPPLIES COMPANY (TSC)","","","https://www.linkedin.com/in/rahulmanroa","Investor Outreach (uncontacted)","",""
"Niteen","Shastri","Software Engineering Leader | Data Engineering, AI & Cloud (Azure & AWS) | Consulting & Leadership Engagements","Bengaluru","Independent Software Consultant and Investor","Self Employed","","","https://www.linkedin.com/in/niteenshastri","Investor Outreach (uncontacted)","",""
"Elroy","Fernandes","Learning || Building || Investing","Mumbai","Partner & Director – Strategy, Operations & People","Union Living","","","https://www.linkedin.com/in/elferns","Investor Outreach (uncontacted)","",""
"Neelabh","Khandelwal","Business Transformation l Growth & Customer Success l Banking & Financial Services l Angel Investor & Startup Mentor I Responsible AI & Governance l","Bengaluru","Angel Investor","Early stage Investor ","","","https://www.linkedin.com/in/neelabhkhandelwal","Investor Outreach (uncontacted)","",""
"Pratik","Poddar","Partner @ Nexus Venture Partners | Venture Capital, India","Bengaluru","Partner","Nexus Venture Partners","","","https://www.linkedin.com/in/pratikpoddar","Investor Outreach (uncontacted)","",""
"Anurag","Ramdasan","Partner at 3one4 Capital","Mumbai","Partner","3one4 Capital","","","https://www.linkedin.com/in/anuragramdasan","Investor Outreach (uncontacted)","",""
"Pramit","Singhi","Investor at Titan Capital (AI & SaaS) | ex-Product (Zeda.io, PayU, Zoomcar) | IIT Roorkee","Bengaluru","Associate Investor (Tech)","Titan Capital","","","https://www.linkedin.com/in/pramit-singhi","Investor Outreach (uncontacted)","",""
"Abhishek","Gulia","Venture Partner (VP) | Agility ( Erito ) Ventures | Ex - IvyCap","Delhi","Venture Partner","Agility Ventures","","","https://www.linkedin.com/in/abhishekgulia","Investor Outreach (uncontacted)","",""
"Ramkumar","D.","Tech Exec & Strategist | Driving Innovation & Engg Excellence at Scale | SaaS, AI & Data | Former VP Engineering (Swiggy, Halodoc, Nielsen) | Alum: Amazon, Microsoft, Intuit, Goldman Sachs, JP Morgan | Angel Investor","Greater Bengaluru Area","Strategic Advisor","Stealth Mode Startup Company","","","https://www.linkedin.com/in/rdurgam","Investor Outreach (uncontacted)","",""
"Ankur","Pal","Chief Data Scientist , Head of ML & AI @Aplazo
 | AI Thought Leader | Forbes Technology Council
 | Angel Investor and Advisor | Keynote Speaker","Bengaluru","Chief Data Scientist, Head of ML & AI ","Aplazo","","","https://www.linkedin.com/in/ankur-pal","Investor Outreach (uncontacted)","",""
"Rishabh","Gill","Backing Businesses That Are Shaping Our Future | Seed & Series
A Investor @ Gill Capital Ventures | Biz Builder @ ZOTO | Teacher @ Wadhwani
Foundation | Mentor @ IIT Bombay |  ICF L2 Trained","South Mumbai","Startup Investor","Gill Capital","","","https://www.linkedin.com/in/rishabhgill","Investor Outreach (uncontacted)","",""
"Sahil","Makkar","Pre Seed and Seed Investor IndiaQuotient","Bengaluru","Partner","IndiaQuotient","","","https://www.linkedin.com/in/sahil-makkar-89985516","Investor Outreach (uncontacted)","",""
"Dr.Amol","Lawande","Healthcare CEO | ESG Consultant | Venture Partner | Aspiring Independent Director | 17+ Years in Clinical Research, Health-Tech & Social Impact.","Pune District","Venture Partner","StartupLanes","","","https://www.linkedin.com/in/dramollawande","Investor Outreach (uncontacted)","",""
"Aviral","Pal","Founder at BrandLab Holdings , VP at Greyhorse Venture Fund , Advisor at Loyal VC, AD at AICRA","New Delhi","Founder","BrandLab Holdings","aviralpal.asia@gmail.com","+919717398928","https://www.linkedin.com/in/aviralpal","Investor Outreach (uncontacted)|FO - 20th April (potential candidate)","",""
"Nikhil","Gundawar","Head of Analytics, AI | 40u40 AI builder AIM 2026 || Ex: Fractal.ai, Samya.ai, Citibank, Mu Sigma","Bengaluru","Director of Analytics, AI Initiatives (AVP II)","slice","","","https://www.linkedin.com/in/nikhil-gundawar","Investor Outreach (uncontacted)","",""
"Saurabh","Gupta","Co-Founder FroGo | Author - MVP for Startups | Product, Tech & Systems Builder | HBS","Bengaluru","Co-Founder","FroGo ","","","https://www.linkedin.com/in/saurabhgupta1986","Investor Outreach (uncontacted)","",""
"Sipika","Nigam","🚀 Institutional Investor | Technology-first | Startup Strategist | Board member","Mumbai","Investor","Kashmir Box","","","https://www.linkedin.com/in/sipikanigam","Investor Outreach (uncontacted)","",""
"Pradeep","V","Co-founding DeepTech Ventures for Industrial Decarbonization | Partnering with India’s Industrials | Venture Partner @ NOW Ventures","Greater Bengaluru Area","Venture Partner","NOW Venture Studio","","","https://www.linkedin.com/in/pradeepvrushab","Investor Outreach (uncontacted)","",""
"Nitesh","Pant","Entrepreneur | Backer of Early-Stage Hustlers | Built & Scaled 2 Startups from Idea to Exit | Partnering with Founders to Build Sustainable Startups","Bengaluru","Investor/Advisor","startuplift.in","","","https://www.linkedin.com/in/nitesh-pant-936a612","Investor Outreach (uncontacted)","",""
"Abhishek","Kshirsagar","Principal, Promaft | General Atlantic | Premji Invest | IIM B","Mumbai","Founding Principal","PROMAFT Partners","","","https://www.linkedin.com/in/abhishek-kshirsagar-05b90298","Investor Outreach (uncontacted)","",""
"Moina","Qazi","Executive Director @ Coheron Wealth | Strategy| Early stage and Private Equity","Hyderabad","Executive Director","Coheron Wealth","","","https://www.linkedin.com/in/moina-qazi","Investor Outreach (uncontacted)","",""
"Hitesh","Agrawal","AI-Driven Investment Leader | Head of Shared Services Asia | Helping Professionals Master AI, Finance & Investment | SAP | Advisor | Private Assets | Newsletter & Course Creator | Ex AIA, Tata AIA, Deutsche, SS&C, BNP","Mumbai","Director of Investment and Finance Transformation","Financial Services","","","https://www.linkedin.com/in/hitesh-agrawal-bb83898","Investor Outreach (uncontacted)","",""
"Girichandra","Kuchangi","Venture Capital | Corporate finance & banking","Bengaluru","Director","1Crowd","","","https://www.linkedin.com/in/girichandra-kuchangi","Investor Outreach (uncontacted)","",""
"Tushar","Agrawal","Founder - Truetribe Advisors | SME Advisor | Ex- CAT-III Fund Manager | Startups -​> SMEs","Mumbai","Founder","TrueTribe Advisors","","","https://www.linkedin.com/in/tusharagrawal1","Investor Outreach (uncontacted)","",""
"Pranav","Pai","Managing Partner at 3one4 Capital","Bengaluru","Managing Partner and Chief Investment Officer","3one4 Capital","","","https://www.linkedin.com/in/pranavpai","Investor Outreach (uncontacted)","",""
"Rishav","Agarwal","Founder, Picxele | Bootstrapped to $5M+ Revenue), Managed Gig Workers Platform | Angel Investor in 60+ Startups","Bengaluru","Founder and CEO","Picxele","","","https://www.linkedin.com/in/rishav-agarwal","Investor Outreach (uncontacted)","",""
"Fazlur","Shah","Venture Partner @ Quartus Capital Partners (NYC)| Investing in AI & technology companies| Connecting institutional capital with high-growth founders| Angel Investor|","Mumbai","Venture Partner","Quartus Capital Partners","","","https://www.linkedin.com/in/fazlurshah","Investor Outreach (uncontacted)","",""
"Venkatesh","Sarvasiddhi, Ph.D.","Managing Director India & South Asia - Royal Society of Chemistry I Executive Independent Director & Board Member -Panacea Biotech I Angel Investor I","Delhi","Managing Director India & South Asia","Royal Society of Chemistry","","","https://www.linkedin.com/in/sarvasiddhi","Investor Outreach (uncontacted)","",""
"Nuthan","Kambadal","At the end of the day, It’s all about Business | Angle Investor | Private Equity Specialist | Business Intelligence | FinTech | PropTech | FoodTech | EdTech | SoftTech","Bengaluru","Angel Investor","Pragyan Advanced Technology  Counsulting and Services","","","https://www.linkedin.com/in/nuthan-kambadal-36b471134","Investor Outreach (uncontacted)","",""
"Amol","Jain","Energy & Utilities Business | Angel Investor | Energy Transition - Business Consulting,  Advisory and Sales","Pune District","Sr Director : Principal Americas and Europe - Energy & Utilities | Head IFS ERP Practice | CX SME","HCLTech","","","https://www.linkedin.com/in/amolnjain","Investor Outreach (uncontacted)|Investor Event (contacted)","",""
"Gaurav","Ranjan","Early Stage Investor | AI, SaaS, Gaming, Marketplaces.","Bengaluru","Principal","Prime Venture Partners","","","https://www.linkedin.com/in/gauravrnjn","Investor Outreach (uncontacted)","",""
"Vikas","Agarwal","Angel Investor in 50+ Startups | Ex-Shark Tank India | Ex-Advisor, Ministry of Investment Saudi Arabia","Mumbai","Investment Director","P. D. Fincap Pvt. Ltd.","","","https://www.linkedin.com/in/vikassagarwal","Investor Outreach (uncontacted)","",""
"Ankur","Bansal","Founder & Principal @ Sanctum Wealth | Wellness & Spiritual Real Estate | AI-Powered Family Office Strategies | 4x Founder, $14M + $100M exits | Ex-Emaar, Microsoft, IBM","Greater Delhi Area","Founder, Investor & Wealth Advisor","SANCTUM REAL ESTATE","","","https://www.linkedin.com/in/ankurbans","Investor Outreach (uncontacted)","",""
"Ajay","Rungta","Solopreneur | Startup Operator turned Advisor | Super Connector | Angel Investor | Startup Ecosystem Enabler | Social Investor | Pursuing Freedom | ex-Founding Engineer, Practo | BITS Pilani Alum","Bengaluru","Startup Advisor","Self-employed","","","https://www.linkedin.com/in/ajayrungta","Investor Outreach (uncontacted)","",""
"Neel","Alex","Angel Investor | Startup Mentor | Empowering Indian Entrepreneurs | Driving Innovation & Sustainable Growth | 10+ Years of Experience in Startup Ecosystem","Mumbai","Angel Investor | Startup Mentor | Empowering Indian Entrepreneurs","Investor","","","https://www.linkedin.com/in/neel-alex-940837329","Investor Outreach (uncontacted)","",""
"Anuj","Prakash","Growth & Product Leader | Built acquisition, activation, retention and monetization engines across fintech, consumer tech and SaaS","Bengaluru","VP - Product & Growth","Pepagora","","","https://www.linkedin.com/in/anujprksh-growth","Investor Outreach (uncontacted)","",""
"Prahlad-Peggy","Krishnamurthi","CEO | ex-CBO Flipkart & Cleartrip | D2C, Distribution & Commerce Strategy","Greater Bengaluru Area","Angel Investor / Startup Board Advisor","Early Stage Startups","","","https://www.linkedin.com/in/prahlad-peggy-krishnamurthi","Investor Outreach (uncontacted)","",""
"Piyush","Chawla","Partner, Social Venture Partners (SVP)","South Delhi","Partner","SVP India","","","https://www.linkedin.com/in/piyush6","Investor Outreach (uncontacted)","",""
"Shivali","Vij","Strategy & Innovation @ Michelin | Ex- BCG | IIM-L","Pune District","Strategy & Head of Open Innovation","Michelin","","","https://www.linkedin.com/in/shivali-vij","Investor Outreach (uncontacted)","",""
"Anup","Jain","Founding Partner - BlueGreen Ventures |Operator-turned-Investor |  Top quartile track record across DPI and IRRs  incl 2 IPOs -Ixigo, Mobikwik | Former CXO Yum Brands, Whirlpool P&G - India Asia Australia","Delhi","Founding Partner","BlueGreen Ventures","","","https://www.linkedin.com/in/anupvc","Investor Outreach (uncontacted)","",""
"Geetansh","Popli","Seed Investments, Titan Capital • Prev: Stellaris VP • Mesa","Bengaluru","Investor","Titan Capital","","","https://www.linkedin.com/in/geetanshpopli","Investor Outreach (uncontacted)","",""
"Madhusmita","Das","Partner at Leo Capital - invest in seed to Series A startups across EU & India ","Bengaluru","Partner","Leo Capital","","","https://www.linkedin.com/in/madhusmitadas","Investor Outreach (uncontacted)","",""
"Akshay","Chandrasekhar","Investor & Operator | Venture Capital & Growth | India & EM","Bengaluru","Head - Capital Markets & Sustainability","Apollo Agriculture","","","https://www.linkedin.com/in/akshaychandrasekhar","Investor Outreach (uncontacted)","",""
"Lijo","Isac","Chief Business Officer  | Startup Investor/advisor","Bengaluru","Chief Business Officer & Co-Founder","Iris Holidays","","","https://www.linkedin.com/in/lijoisac","Investor Outreach (uncontacted)","",""
"Shravan","Tickoo","Founder @ Rethink Systems I 202K+ followers | 190M+ Impressions / Yr | Product Management Advisor I  Speaker & Educator I Storyteller I Angel Investor I Ex- BYJUS | Ex - Flipkart I Blackbuck I Edureka I IITR’15","Bengaluru","Founder & CEO","Rethink Systems","","","https://www.linkedin.com/in/shravantickoo","Investor Outreach (uncontacted)","",""
"Arshi","Sharma Bajaj","Building Next-Gen Design Capability to Deliver Commercial Outcomes in Pharma.","Bengaluru","Director - Product Design and User Experience","GSK","","","https://www.linkedin.com/in/arshisb","Investor Outreach (uncontacted)","",""
"Saundarya","Kumar","Angel Investor | Entrepreneur | Advisor to Startups | Mentor | Running Global Accelerator Program 19+ Countries | IT Services | B2B Lead Strategic | Business Consulting | Edtech","Pune District","Founder and CEO","SND Technologies","","","https://www.linkedin.com/in/saundaryakr","Investor Outreach (uncontacted)","",""
"Abhishek","Aggarwal, CFPᶜᵐ","Founder, Grivaa Capital | CFPᶜᵐ | Trader & Mentor | Indian, US-Listed & Angel Investor | AI Generalist | Self-MBA in Life & Learning","New Delhi","Founder","Grivaa Capital","","","https://www.linkedin.com/in/abhishek-aggarwal-cfp","Investor Outreach (uncontacted)","",""
"Namrata","K","Helping Businesses Build & Scale Teams ## Digital Products ## AI & Blockchain ## Startup Evangelist & Angel Investor","New Delhi","Senior HR Manager","SapidBlue Technologies Pvt Ltd","","","https://www.linkedin.com/in/work4namrata","Investor Outreach (uncontacted)","",""
"Darshan","Deora","MD at Indvest Group - Family Office | Ex-Entrepreneur | Ex-Blackstone, General Atlantic | Angel Investor | Wharton School of Business","Mumbai","Managing Director","Indvest Group","","","https://www.linkedin.com/in/darshandeora","Investor Outreach (uncontacted)","",""
"Hardik","Shah","Angel Investor | Director of Strategy @ CoRover/BharatGPT | Backing deep tech in India (Pandorum, CoRover.ai, Bootes, Astrome, Jaro education, Nimble Vision) | $20K–$200K checks| IB up to $10M syndication","India","Director of Strategy","CoRover","","","https://www.linkedin.com/in/hardik-c-shah","Investor Outreach (uncontacted)","",""
"Shiva","Kumar","Co-Founder at AICLID | Founder at Honna | MedTech , EdTech - STEM Education | Angel Investor","Bengaluru","Founder","Honna Education","","","https://www.linkedin.com/in/honna-shivakumar","Investor Outreach (uncontacted)","",""
"Archana","Priyadarshini","Partner @ Endurance Capital | Seed and Angel Investor","Bengaluru","Partner","Endurance Capital","","","https://www.linkedin.com/in/archana-priyadarshini-5477071","Investor Outreach (uncontacted)","",""
"Vikas","Malpani","Unlocking Growth for US Realtors & Businesses Through AI BackOffice Agents.","Bengaluru","Co-Founder & CEO","Garvik AI","","","https://www.linkedin.com/in/vikasmalpani","Investor Outreach (uncontacted)","",""
"Adil","Jahangir Mirza","Assessments | K12 and Higher Ed | Edtech | 2X Entrepreneur | Angel Investing | Strategic Marketing | Digital Marketing | P&L Management | Education Sales","Greater Bengaluru Area","Founder","Koantum Learning","","","https://www.linkedin.com/in/adiljahangir","Investor Outreach (uncontacted)","",""
"Saket","Agarwal","Your Trusted Advisor for Everything SaaS | Singularity University | Global Shaper | Angel Investor","Mumbai","Founder & CEO","Onnivation","","","https://www.linkedin.com/in/saketagarwal32","Investor Outreach (uncontacted)","",""
"Maneesh","Bhandari","Founder & CEO GrowthPal","Pune District","Founder & CEO","GrowthPal.com","","","https://www.linkedin.com/in/mbh91","Investor Outreach (uncontacted)","",""
"Sandipan","Mondal","Deep Tech VC / Previously a 2x founder (exited to Samsung)","Bengaluru","Investor","Yali Capital","","","https://www.linkedin.com/in/sandipanmondal","Investor Outreach (uncontacted)","",""
"Rajesh","B.","Founder | Advisor | Angel Investor | Building AI-1st Enterprise Products across | AI Data Pipeline Engineering | Voice AI | Marketplaces | Customer exp | Composable E-commerce | Legal Tech | Radar| Edtech & ASIC IP cores","Bengaluru","Founder, Investor & Advisor ","Multiple Companies","","","https://www.linkedin.com/in/rajeshbc1977","Investor Outreach (uncontacted)","",""
"Sanjay","Shah","Entrepreneur | Angel Investor | Ex-COO @ Wadhwani Foundation | Now building in Generative AI & supporting high-impact innovation in emerging economies","Bengaluru","Independent Director","Awfis Space Solutions Limited","","","https://www.linkedin.com/in/sanjay18007","Investor Outreach (uncontacted)","",""
"Paramdeep","Singh","Investor/Advisor x Fintech | Prev: Partner, Head of Asia Pacific @ Intellect (NSE: INTELLECT), SBI Life, GE Money","Delhi","Investor/Advisor ","Startups","","","https://www.linkedin.com/in/paramdeepsingh21","Investor Outreach (uncontacted)","",""
"Tarun","Bhargava","Founder & Managing Partner at TalentGen Advisory LLP, Co- Founder @ Capinity Partners, Tetration Ventures, Co-GP- AC Ventures, Co-Founder Aclr8, Angel investor & Strategic Advisor, Limited Partner @ Orios VP !","New Delhi","Founder & Managing Partner","TalentGen Advisory LLP","","","https://www.linkedin.com/in/tarun-bhargava-90316421","Investor Outreach (uncontacted)","",""
"Soumyaranjan","Swain","Support to Early Stage Start-up | Seed & Pre-seed Funding | Professional Investment Proposal & Valuation | Fundraising & Business Partner.","Bengaluru","Founding Partner","AIBizModels","","","https://www.linkedin.com/in/soumyaranjan-swain-9b22061b6","Investor Outreach (uncontacted)","",""
"Lovleen","Bhatia","Ex-Founder & CEO, Edureka (Successful Exit) | Angel Investor Helping Startups Scale","Bengaluru","Angel Investor and Advisor","Helping Startups Scale","","","https://www.linkedin.com/in/lovleenbhatia","Investor Outreach (uncontacted)","",""
"Yagnesh","Sanghrajka","Founder & Managing Partner @247VC I Operator VC I Ex-Bessemer I Ex-100X.VC | 25,000+ Opportunities | 200+ startup investments I 1,000+ Founders Community I 100+ VC Partnerships","Mumbai","Founder and Managing Partner","247VC","","","https://www.linkedin.com/in/yagnesh2707","Investor Outreach (uncontacted)","",""
"Ankur","Gupta","GTM, Marketing and Growth Leader | Strategy | Brand | CoE | GCC | DemandGen | BusDev | Channels | B2B | Speaker | Evangelist | EdTech/HRTech/SaaS | Skillsoft/SumTotal/Fiorano/IDC | Angel Investor & Mentor | Marathoner","Hyderabad","Chief Growth Officer","PossibleWorks","","","https://www.linkedin.com/in/ankur27","Investor Outreach (uncontacted)","",""
"Subrata","Namnit Patra","Managing Partner @ IdeaCapital | Investor - DAO, 2x Founder, ex-Parker Hannifin, Intel, ISRO, Exide","Bengaluru","Managing Partner","IdeaCapital Ventures","","","https://www.linkedin.com/in/subratapatra1","Investor Outreach (uncontacted)","",""
"Sameer","Aggarwal","Business builder | AI, learning and the digital economy","Bengaluru","India Head, Coursera for Business (C4B)","Coursera","","","https://www.linkedin.com/in/agarwalsameer","Investor Outreach (uncontacted)","",""
"Vikram","Gawande","Entrepreneur turned Investor","Mumbai","Investor","Blume Ventures","","","https://www.linkedin.com/in/vikramgawande","Investor Outreach (uncontacted)","",""
"Vatsal","Dusad","Pre-seed Investor","Bengaluru","Pre-seed Investor","Entrepreneurs First","","","https://www.linkedin.com/in/vatsaldusad","Investor Outreach (uncontacted)","",""
"Dr. Vishal Gandhi","PhD,MBA","Founder & CEO @BIORx Ventures | Lead @Indian Healthcare Angels | Family Office | Startup Mentor | Angel Investor | TEDx Speaker | Growth & Strategy Consultant | Venture Builder | M&A Advisor | Management Consultant","Delhi","Founder & CEO","BIORx Venture Advisors Pvt. Ltd.","","","https://www.linkedin.com/in/drvishal-gandhi","Investor Outreach (uncontacted)","",""
"Kunal","Singla","CEO | CPO |  3X Entrepreneur, 2 good exits. Tier-I MBA, B Tech. Scale VC/PE backed startups - 120mn MAUs, $100mn rev, P&L, Strategy, Product, AI- B2C, Edtech, SaaS, E-commerce, OTT, Super app. Ex- Info Edge, Zee5, Oracle","Delhi","Angel Investor and Advisor","Multiple startups","","","https://www.linkedin.com/in/singlakunal","Investor Outreach (uncontacted)","",""
"Naresh","Kumar, CWM®","Founding Partner - Olive Venture Partners","South Delhi","Founding Partner","Olive Venture Partners","","","https://www.linkedin.com/in/naresh-kumar-cwm®-65446121","Investor Outreach (uncontacted)","",""
"Fauzaan","Patel","VentureWiz || CFA || Venture Capitalist || Fund Raising Expert || Angel Investor || Advisor || Investment Banker || Business Development || Due Diligence || Startups","Mumbai","Head of Business Development","Musaffa","","","https://www.linkedin.com/in/fauzaan-patel-333b3a1b3","Investor Outreach (uncontacted)","",""
"Vineet","Agarwal","IPOs, Venture Capital, M&A and Investor Relations | Razorpay | Ex- Ola, Antler, GS | 40u40 Investment Professional | Angel Investor","Bengaluru","Director, Corporate Development","Razorpay","","","https://www.linkedin.com/in/vineet-agarwal-va","Investor Outreach (uncontacted)","",""
"Deepakh","H.","Chief Business Officer – Star Health | Angel Investor | MBA (ISB Hyderabad) | Early EdTech | P&L Leader | Multi-Channel Operations | InsurTech & EdTech Growth Specialist | TEDx Speaker","Bengaluru","Chief Business Officer","Star Health and Allied Insurance Co. Ltd","","","https://www.linkedin.com/in/deepakhimmatsinghka","Investor Outreach (uncontacted)","",""
